# League FRA CUP (1) - >Frankreich Coupe de France<:
  

Le Puy,  Le Puy-en-Velay
 Le Puy Foot 43 Auvergne

# League FRA 2 (2) - >Frankreich Ligue 2<:

US Concarneau,  Concarneau
Union Sportive Concarnoise
  Concarneau
US Union Concarnoise

  FC Annecy,   Annecy
Football Club d'Annecy
Annecy
Annecy FC

# League FRA 3 (5) - >Frankreich National<:

US Avranches,  Avranches
 L'Union Sportive Avranches Mont Saint Michel
  Avranches

LB Châteauroux,  Châteauroux
  La Berrichonne de Châteauroux
  La Berrichonne
  Châteauroux

SO Cholet,  Cholet
  Stade Olympique Choletais
  Cholet

Dijon FCO,  Dijon
 Dijon Football Côte d'Or
 Dijon

SAS Épinal,  Épinal
  Stade Athletique Spinalien Épinal
  Épinal

GOAL FC,  Chasselay
 Grand Ouest Association Lyonnaise Football Club


Le Mans FC,   Le Mans
  Le Mans Football Club 
  Le Mans

Marignane GCB,  Marignane
  Marignane Gignac Côte Bleue Football Club
  Marignane Gignac CB
  Marignane Gignac
   Marignane
  US Marignane

FC Martigues,  Martigues
Football Club de Martigues
Martigues


AS Nancy Lorraine,  Nancy
Association Sportive Nancy Lorraine
Nancy


Nîmes Olympique,  Nîmes
 Nîmes

Chamois Niortais,  Niort
 Chamois Niortais Football Club
 Niort

US Orléans,  Orléans
  Union Sportive Orléans Loiret Football 
  Orléans

Red Star FC,  Paris (Saint-Ouen)
Red Star Football Club
Red Star


FC Rouen,  Rouen
 FC Rouen 1899
 Football Club de Rouen 1899 
 Rouen

FC Sochaux,  Montbéliard
 Football Club Sochaux-Montbéliard 
 Sochaux

FC Versailles,  Paris (Paris 16)
 Football Club de Versailles 78
 Versailles


FC Villefranche,  Villefranche-sur-Saône
  Football Club Villefranche Beaujolais 
  FC Villefranche Beaujolais
  FCVB
  Villefranche


###
#  check ligue 1 2024/25


Angers SCO
AJ Auxerre
Stade Brest

AC Le Havre
  Le Havre AC
  Le Havre

RC Lens
Lille OSC
Olympique Lyon
Olympique Marseille

#  AS Monaco   -- move to monaco (not france)!!!

Montpellier HSC
FC Nantes
OGC Nizza
Paris St. Germain
Stade Reims
Stade Rennes
AS St. Etienne
Racing Straßburg
FC Toulouse
